{"cameraMode":{"drawMode":0,"name":"Shaded","section":"Shading Mode"},"sceneLighting":true,"audioPlay":false,"sceneViewState":{"showFog":true,"showMaterialUpdate":false,"showSkybox":true,"showFlares":true,"showImageEffects":true,"showParticleSystems":true},"in2DMode":false,"pivot":{"x":9.559816360473633,"y":-1.9829740524291993,"z":18.892576217651368},"rotation":{"x":0.14128080010414124,"y":0.10079217702150345,"z":-0.014460534788668156,"w":0.9847236275672913},"size":14.98881721496582,"orthographic":false}