{"cameraMode":{"drawMode":0,"name":"Shaded","section":"Shading Mode"},"sceneLighting":true,"audioPlay":false,"sceneViewState":{"showFog":true,"showMaterialUpdate":false,"showSkybox":true,"showFlares":true,"showImageEffects":true,"showParticleSystems":true},"in2DMode":false,"pivot":{"x":-7.21860408782959,"y":-8.119872093200684,"z":3.605348587036133},"rotation":{"x":0.30769237875938418,"y":-0.5132169723510742,"z":0.2037971466779709,"w":0.7748581171035767},"size":10.843306541442871,"orthographic":false}