{"cameraMode":{"drawMode":0,"name":"Shaded","section":"Shading Mode"},"sceneLighting":false,"audioPlay":false,"sceneViewState":{"showFog":true,"showMaterialUpdate":false,"showSkybox":false,"showFlares":true,"showImageEffects":true,"showParticleSystems":true},"in2DMode":false,"pivot":{"x":0.0,"y":0.8549255132675171,"z":-2.980232238769531e-7},"rotation":{"x":0.14128080010414124,"y":0.10079217702150345,"z":-0.014460534788668156,"w":0.9847236275672913},"size":4.318177223205566,"orthographic":false}