{"cameraMode":{"drawMode":0,"name":"Shaded","section":"Shading Mode"},"sceneLighting":true,"audioPlay":false,"sceneViewState":{"showFog":true,"showMaterialUpdate":false,"showSkybox":true,"showFlares":true,"showImageEffects":true,"showParticleSystems":true},"in2DMode":false,"pivot":{"x":-8.062034606933594,"y":-6.898177623748779,"z":16.56398582458496},"rotation":{"x":0.1884164810180664,"y":-0.15542174875736237,"z":0.030213573947548868,"w":0.9692478179931641},"size":17.409570693969728,"orthographic":false}